36806880, true, trboxing, Top Rank Boxing, 132651
337277870, false, BagyVictor1, Victor Leandro Bagy, 2
344801362, true, DavidLuiz_4, David Luiz, 1981419
552371502, true, ThiagoSilva_MMA, Thiago Silva, 21554
1369227260, false, marcosofficial3, Marcos aoàs Correa , 0
142204481, true, DaniAlvesD2, Daniel Alves, 3700024
208212496, false, MiAmorMARCELO, Marcelo Vieira, 769
76122127, false, Maicon_17, Sisenando Douglas , 51
103550271, true, sergiompaulinho, Sergio M Paulinho, 22947
54274126, false, luizgpp, Luiz Gustavo, 444
314415724, false, IndoRamires7, IndoRamires7, 418
185344587, true, LucasLeiva87, Lucas Leiva, 924272
44415931, true, OscarPRGirl, OscarPRGirl, 264521
300189645, false, Willlian_UA, FanClubWillian_UA, 254
93492604, true, soathehulk, Soa The Hulk Palelei, 140834
158487331, true, neymarjr, Neymar Júnior, 9614941
143672012, true, oficialrobinho, Robinho, 1090109
